id,dimension,exigence,moteur,applicabilite,raison_non_applicable,source_officielle,date_consultation,url_gabarit,environnement,preuve,methode,statut,criticite,correction,responsable
SEO-01,Politiques et contenu,Reponse distinctive et preuves sans spam ni cloaking,Google|Bing,A_DETERMINER,,https://developers.google.com/search/docs/essentials/spam-policies,,,,,Relecture et controle du contenu rendu,NON_VERIFIE,CRITIQUE,,
SEO-02,Acces crawlers,Robots directives ressources et CDN compatibles,Google|Bing,A_DETERMINER,,https://developers.google.com/search/docs/crawling-indexing/robots-meta-tag,,,,,Lecture robots headers et ressources,NON_VERIFIE,CRITIQUE,,
SEO-03,Rendu et navigation,HTML utile et routes profondes accessibles,Google|Bing,A_DETERMINER,,https://developers.google.com/search/docs/fundamentals/seo-starter-guide,,,,,HTML rendu et navigation navigateur,NON_VERIFIE,CRITIQUE,,
SEO-04,HTTP et erreurs,HTTPS domaine prefere statuts et redirections corrects,Google|Bing,A_DETERMINER,,https://developers.google.com/search/docs/essentials/technical,,,,,Requetes HTTP representatives,NON_VERIFIE,CRITIQUE,,
SEO-05,Metadonnees,Title description titres visibles et langue specifiques,Google|Bing,A_DETERMINER,,https://developers.google.com/search/docs/appearance/title-link,,,,,Inspection head et lecture de chaque gabarit,NON_VERIFIE,MAJEURE,,
SEO-06,Indexation et doublons,Canonical facettes variantes pagination et prive,Google|Bing,A_DETERMINER,,https://developers.google.com/crawling/docs/faceted-navigation,,,,,Matrice routes et directives coherentes,NON_VERIFIE,CRITIQUE,,
SEO-07,Decouverte,Liens internes sitemap canonique et lastmod reel,Google|Bing,A_DETERMINER,,https://developers.google.com/search/docs/crawling-indexing/sitemaps/build-sitemap,,,,,Parcours des liens et validation sitemap,NON_VERIFIE,MAJEURE,,
SEO-08,Donnees structurees,Types applicables et coherence avec contenu visible,Google|Bing,A_DETERMINER,,https://developers.google.com/search/docs/appearance/structured-data/product,,,,,Lecture JSON-LD et validateur approprie,NON_VERIFIE,MAJEURE,,
SEO-09,Medias,Dimensions alt droits et rendu adaptes,Google|Bing,A_DETERMINER,,https://developers.google.com/search/docs/fundamentals/seo-starter-guide,,,,,Inspection visuelle et DOM des medias,NON_VERIFIE,MAJEURE,,
SEO-10,Mobile et performance,Responsive accessibilite stabilite et mesures distinctes,Google|Bing,A_DETERMINER,,https://developers.google.com/search/docs/fundamentals/seo-starter-guide,,,,,Recette navigateur et labo ou terrain si disponible,NON_VERIFIE,MAJEURE,,
SEO-11,Profils specifiques,Local commerce affiliation langues actualite selon besoin,Google|Bing,A_DETERMINER,,https://developers.google.com/search/docs/specialty/ecommerce,,,,,Lecture des politiques propres aux profils,NON_VERIFIE,MAJEURE,,
SEO-12,Search Console,Verification sitemap inspection et rapports autorises,Google,A_DETERMINER,,https://developers.google.com/search/docs/crawling-indexing/sitemaps/build-sitemap,,,,,Controle compte et rapport avec acces autorise,NON_VERIFIE,MAJEURE,,
SEO-13,Bing Webmaster Tools,Verification sitemap inspection et rapports autorises,Bing,A_DETERMINER,,https://www.bing.com/webmasters/help/webmaster-guidelines-30fba23a,,,,,Controle compte et rapport avec acces autorise,NON_VERIFIE,MAJEURE,,
SEO-14,IndexNow,Support propriete cle URLs modifiees et reception sans garantie,Bing|Participants,A_DETERMINER,,https://www.indexnow.org/documentation,,,,,Controle implementation et soumission seulement si autorisee,NON_VERIFIE,MAJEURE,,
SEO-15,IA et extraits,Directives actuelles choix exposition et mesure distincte,Google|Bing,A_DETERMINER,,https://blogs.bing.com/webmaster/2025/10/Bing-Introduces-Support-for-the-data-nosnippet-HTML-Attribute/,,,,,Lecture des sources actuelles et directives servies,NON_VERIFIE,MAJEURE,,
SEO-16,Migration et exploitation,Mapping retour arriere version servie et maintenance,Google|Bing,A_DETERMINER,,https://developers.google.com/search/docs/fundamentals/seo-starter-guide,,,,,Controle des decisions mappings et version deployee si autorisee,NON_VERIFIE,CRITIQUE,,
SEO-17,Clarte Bing et IA,Entites explicites et reponse autonome visible tot dans la page,Bing,A_DETERMINER,,https://www.bing.com/webmasters/help/bing-webmaster-guidelines-30fba23a,,,,,Relecture de chaque intention et controle du contenu rendu,NON_VERIFIE,MAJEURE,,
SEO-18,Valeur du conseil et medias,Apport original du conseil et texte complementaire aux medias,Bing,A_DETERMINER,,https://www.bing.com/webmasters/help/bing-webmaster-guidelines-30fba23a,,,,,Verifier sources limites alternatives et resume visible,NON_VERIFIE,MAJEURE,,
SEO-19,Mesure Bing IA,Citations et visibilite distinguees des clics et conversions,Bing,A_DETERMINER,,https://blogs.bing.com/webmaster/2026/2/Introducing-AI-Performance-in-Bing-Webmaster-Tools-Public-Preview/,,,,,Rapports autorises ou plan de mesure avec valeurs NON_MESURE,NON_VERIFIE,MAJEURE,,
